Kata_1,Kata_2
recommended,find
second,laptop
like,new
and,good
condition,second
laptop,recomended
secon,like
a,new
nan,recommended
recommend,for
all,who
want,to
buy,newest
laptop,with
affordable,price
decent,place
to,shop
and,great
service,good
price,and
humble,kerenn
great,place
to,search
a,second
hand,laptop
with,a
mint,condition
recommended,place
to,buy
a,laptop
amazing,eh
all,the
employees,are
really,humble
joss,good
services,and
worth,to
buy,best
josssss,good
the,best
place,to
find,a
laptop,with
the,best
price,nice
places,and
nice,price
recomend,saller
product,high
quality,rekomended
for,all
who,want
to,buy
newest,laptop
with,affordable
price,nice
sip,good
place,to
buy,leptop
the,best
good,recommended
recommended,shop
for,buying
a,second
hand,laptop
good,best
service,good
recomend,trusted
nice,service
maszeh,trusted
mantap,recommended
the,best
place,to
buy,a
laptop,well
joss,negone
recommended,storee
the,best
pokoe,best
place,to
get,a
laptop,great
product,ship
best,seller
gooddddfd,very
recommended,recommended
seller,recomendedd
like,excellent
mantap,laptop
second,hand
baramg,ambil
laptop,umur
muda,beli
laptop,amd
ryzen,harga
juta,layan
excelent,barang
excelent,moga
awet,baik
pilih,utama
laptop,secondhand
kualitas,mas
nya,dengan
sabar,jujur
offline,store
nyaman,sejuk
top,markotop
beli,laptop
udah,x
nya,udah
beli,unit
total,bagus
banget,toko
mas,informatif
good,job
alam,belanja
hero,benerbener
muas,tanyatanya
adminnya,sabar
jelasin,detail
laptop,nemu
pas,butuh
kuliah,proses
cepat,barang
sesuai,deskripsi
kondisi,mulus
ori,harga
sahabat,banding
toko,bandingin
next,upgrade
laptop,hero
barangbarang,jual
bagus,mulus
tempet,nya
nyaman,jual
nya,ramah
komunikatif,jual
beli,laptop
second,hand
bagus,offline
storenya,nyaman
berac,layan
bagus,alhamdulillah
good,deal
mantap,layan
ramah,bersih
nyaman,unit
pilih,sesuai
harga,butuh
layan,oke
barang,ori
garansi,resmi
sukses,konsultasi
cari,laptop
kerja,utama
temu,laptop
second,yang
cocok,bagus
percaya,tentu
pilih,laptop
bantu,staf
yang,komunikatif
solutif,toko
rekomendasi,utama
cari,laptop
terumama,kerja
mahasiswa,bisnis
dll,terima
kasih,hero
computer,sedia
layan,bagus
kasih,tau
tidak,tau
harga,harga
yang,sahabat
banget,bagus
layan,ramah
bantu,tempat
nyaman,dingin
mas,sabar
ingormatif,barang
bagus,kayak
muter,akirnya
beli,disinimas
rudi,seller
ramah,sabar
banget,good
dech,pokok
kali,beli
laptop,second
dapet,sesuai
butuh,mas
nya,yang
jaga,jelasinnya
sabar,banget
alhamdulillah,dapet
laptop,spek
bagus,sesuai
butuh,sana
papar,sesuai
request,langgan
enak,bonus
mouse,tas
laptop,kena
diskon,siihehemakasih
hero,computer
moga,laptop
awet,yaaamiin
barusan,beli
latop,jujur
puas,banget
tanyatanya,adminnya
fast,respon
sabar,jelasin
pilih,laptop
harga,oke
banget,banding
proses,kirim
cepet,laptop
langsung,nyala
pokok,recommended
banget,cari
laptop,ribet
layan,ramah
barang,bagus
bagus,akses
mudah,udah
muter,cari
lp,bakas
lengkap,layan
ramah,harga
naiss,rekomended
nyari,laptop
second,kualitas
yang,harga
tarik,nyaman
staf,sabar
jelasin,spesifikasi
laptop,cocok
paham,teknologi
hero,computer
emang,recomend
kantong,tengah
pelayananya,ramahjuooossss
pokoke,baik
beli,laptop
second,pilih
tempat,nyaman
dingin,bersih
laptop,kondisi
karyawan,jaga
informatif,bantu
cari,sesuai
butuh,sesuai
dana,milik
laptop,mas
baguss,kualitas
oke,bgtt
recommend,butuh
laptop,second
like,new
harga,worth
it,layan
laptop,variasi
layan,bagus
ramah,tempat
nyaman,baik
monggo,kesini
toko,lengkap
harga,affordable
layan,ramah
the,best
laah,poko
layan,bagussat
set,dijelasin
detail,langgan
salah,rekomendasi
beli,laptop
second,jogja
staffnya,ramah
informatif,pilih
laptop,keluar
baru,pelayanannnya
ramah,laptop
harga,jangkau
nyaman,pokoke
muantab,poolll
pelayanannnya,ramah
staffnya,detail
produk,rekomend
teman,teman
yang,cari
laptop,kerja
kuliah,staffnya
detail,laptop
yang,butuh
layan,nya
okemas,e
yang,jaga
mas,e
yang,toko
ramah,ac
e,adem
tenan,mas
toko,laptop
gaming,second
recommend,jogja
unit,mas
ngasih,jelas
lengkap,ragu
beli,beli
laptop,baik
layan,ramah
mas,sabar
tempat,nyaman
tempat,mudah
temu,pilih
layan,top
komplit,thank
you,hero
computer,jaga
toko,nya
ramah,spesifikasi
sesuai,butuh
beli,laptop
bagusharga,sahabat
recommended,banget
pokok,tempat
nyamann,kualitas
laptop,jual
oke,banget
tidak,nyesel
beli,layan
harga,jangkau
kualitas,tidak
ragu,mantep
pol,rek
recomended,jualbeli
laptop,area
sleman,layan
ramah,layan
bagus,interaktif
staf,ramah
sabar,bantu
pilih,laptop
sesuai,butuh
proses,beli
cepat,nyaman
rekomendasi,baguspelayanannya
ramah,laptop
oke,oke
recommended,orang
jogja,yang
cari,laptop
layan,oke
benarbenar,ramah
support,butuh
rasa,hubung
beli,jual
serasa,saudara
ramah,layan
ramah,stok
laptop,limpah
cocok,maba
cari,laptop
barang,bagus
rekomended,yang
cari,laptop
second,nyaman
layan,ramah
pilih,laptop
secondhand,berkualitasbagus
offline,store
nyaman,sejuk
top,markotop
poko,mantap
alhamdulillah,layan
muas,konsultasi
sesuai,sesuai
budjet,laptop
keluar,muda
toko,laptop
murah,lengkap
garansi,pokok
laptop,mulus
banget,layan
mantap,recomend
banget,cari
laptop,spek
bagus,murah
service,muas
terima,jual
beli,laptop
harga,cocok
thanks,hero
laptop,rekomendasi
beli,laptop
jogja,ni
barang,oke
oke,jual
ramah,beli
muas,cs
nya,enak
konsultasi,online
offline,toko
bersih,rapih
layan,nya
ramah,sudah
cari,laptop
second,kualitas
spek,oke
tipis,ringan
rutin,mantengin
update,story
ig,yang
cocok,nahhari
liat,story
yang,mikat
staf,wa
respon,cepat
krim,foto
unitcocok,bayar
transfer,sy
paket,sja
jogja,macet
terima,kasih
hero,computer
sy,tunggu
datang,moga
laptop,aman
lancar,awet
amanah,layan
ramah,own
nya,detail
sesuai,butuh
laptop,ken
beli,sukses
berkas,hero
computer,moga
rezeki,nular
layan,mantap
produk,rekomended
tempat,bersih
estetik,layan
ramah,harga
cocok,layan
muas,pilih
variasi,laptop
harga,jangkau
mantab,layan
ramah,proses
transaksi,cepat
barang,sesuai
deskripsi,laptop
kondisi,mulus
lengkap,recommended
banget,cari
laptop,kualitas
beli,laptop
butuh,admin
store,layan
gercep,bagus
sih,produk
okee,pokok
rekomen,banget
yang,cari
laptop,second
jogja,barang
rekomended,harga
murah,tpi
murah,baik
jogja,pokok
layan,ramah
tempat,bagus
nyaman,model
bonus,layan
bagus,kalo
konsul,dijelasin
detail,banget
rekomen,banget
beli,kesini
yang,tidak
paham,laptop
bantu,pegawai
nya,ramah
detail,mudah
erti,laptop
nya,lengkap
layan,baik
hero,computer
recommend,mahasiswa
cari,laptop
second,harga
jangkau,mantabb
barang,keren
beli,bekas
serasa,beli
pelayanannnyaa,sangatt
baguusss,mas
mas,nyaa
gercepp,dann
ramahhh,selaluu
fastt,responn
barang,barangnyaa
jugaa,lengkap
baikk,banget
layan,baik
jual,detail
bahasa,mudah
paham,rekomended
teman,teman
beli,laptop
bingung,spek
langsung,toko
layan,ramah
langsung,spek
laptop,beli
harga,jangkau
variasi,laptop
sedia,jaga
toko,ramah
ramah,baikkk
layan,oke
laptop,lengkap
rekomendasi,beli
laptop,second
dg,kualitas
layan,ramah
bebas,pilih
laptop,yang
harga,jangkau
tempat,enak
nyaman,rekomen
laptop,sacond
wajib,borong
sbelum,stok
habis,pelayanannnyaa
sangatt,baguusss
kakak,kakak
nyaa,gercepp
dann,ramahhh
selaluu,fastt
responn,barang
barangnyaa,jugaa
lengkaapo,dann
baikk,banget
dikasihh,free
giftt,diskon
thank,youuu
layan,opsi
unit,yang
yang,cari
banding,yang
offline,store
nyaman,posisi
strategis,recommended
utk,yang
cari,laptop
good,place
barang,bagus
pol,thankyou
hero,computer
layan,ramah
detail,worth
it,for
unit,layan
bagus,pas
banget,nyari
laptop,ken
jalan,toko
layan,premium
barang,mantaps
diskon,cek
depan,mata
beli,barang
oke,mulus
lulus,mantap
pokok,laptop
garansi,rasi
kalo,butuh
laptop,second
langsung,hero
computer,kawan
mantapp,laptop
gaming,harga
miring,a
no,debat
layan,ramah
nyari,laptop
rekomendasi,banget
nih,detail
laptop,sesuai
butuh,layan
oketempat,bersih
potong,harga
pokok,best
layan,muas
informatif,barang
barang,bagus
rekomendasi,jual
cari,laptop
second,dijogja
layan,ramah
detail,laptop
sesuai,butuh
cari,cari
second,laptop
sip,lengkap
pilih,harga
tarik,cari
gadget,recomended
banget,khusunya
laptop,cari
laptop,second
bantu,kasih
rekomendasi,mas
mas,pegawai
layan,super
ramah,bantu
tentu,pilih
harga,saing
banding,toko
cari,garasi
resmi,on
pokok,cepat
baeang,incar
cepat,jual
terthe,best
nya,adem
pilih,mas
e,ramah
nego,harga
jangkau,diskon
banyakk,layan
ramahh,bagus
deh,nyari
laptop,second
murah,jogja
recommend,banget
layan,ramah
laptop,murah
kualitas,kakakkakak
jual,informatif
nyaman,sejuk
servis,okeee
barang,bagus
mulus,mantap
gudang,laptop
bekas,kualitas
adminnya,ramah
banget,garansi
pilih,laptop
gudang,laptop
spek,dewa
harga,murah
pokok,rekomended
banget,kesini
adminnya,beliin
es,jeruk
saking,ramah
keren,deh
cari,laptop
murah,kualitas
premium,layan
ramah,tempat
nyaman,toko
amanah,jual
laptop,second
ter,rekomended
ponorogo,alhamdulillah
barang,sesuai
budget,sesuai
unit,mantap
like,new
pegawai,ramah
hero,beli
laptop,incar
laku,wkwk
alhamdulillah,dapet
laptop,harga
layan,ramah
barang,sesuai
recommended,good
service,laptop
like,new
dapet,bonus
jugaaa,pilih
laptop,percaya
bagus,pasti
original,pakai
jangka,lupa
belanja,guys
jual,beli
laptop,bekas
kualitas,kelas
beli,laptop
garansi,officialnya
abis,tu
dapet,potong
rbnew,mouse
mas,ramah
bantu,banget
layan,ramaah
bantu,cek
cek,sepesifikasi
bagus,layan
nya,yang
awam,bantu
jelas,spek
laptop,nya
laptop,kualitas
ok,transaksi
masalah,cari
laptop,second
recommended,layan
ramah,nyaman
lengkap,laptop
range,harga
bagus,layan
ramah,recommend
yang,cari
laptop,kerja
kuliah,nyaman
cepat,tata
cari,spek
laptop,yang
sesuai,good
place,pilih
laptop,barang
bagus,mas
nya,ramah
jugaa,layan
buka,konsultasi
via,chat
kunjung,storenya
langsung,produk
laptop,oke
mantap,deh
langsung,beli
unit,tinggal
dibanyakin,stok
ya,biar
pilih,layan
baik,harga
baik,kualitas
barang,bagus
rekomend,cari
laptop,second
tempat,nyaman
nomor,wa
hubung,tidak
min,hero
computer,takut
tipu,yang
mengatasnamakan,hero
computer,layan
mantap,barang
kualitas,promo
tarik,bintang
pokok,beli
komputer,second
recomended,sedia
pilih,laptop
second,fisik
bagus,spesifikasi
mantap,generasi
baru,sukses
hero,toko
rekomended,banget
yang,cari
laptop,gen
garansi,resmi
layan,baikk
kakanya,ramah
poll,dapet
diskonn,top
beli,online
tidak,cek
barang,langsung
udah,jamin
bagus,pol
aman,lengkap
tempat,nyaman
luas,muas
beli,laptop
mas,mas
informatif,ramah
toko,beli
laptop,garansi
percaya,unit
looks,good
performa,bagus
harga,jangkau
spek,kelas
coba,kali
pilih,laptop
moga,cocok
biar,langgan
suruh,cariin
kantor,beli
laptop,second
kualitas,saja
nya,jamin
murah,yogyakarta
beli,unit
usaha,udah
jalan,okee
makas,bang
owner,jualbeli
laptop,recommended
laptop,bagus
layan,ramah
pokok,beli
laptop,second
gak,ragu
kualitas,baguss
harga,nego
diskon,wekkend
layan,nya
bagus,harga
nyaa,untukk
laptop,spek
gaming,tipis
tipis,okee
buattt,kantonggg
unit,bagus
lengkap,layan
ramah,top
makasih,habis
beli,moga
awet,aamiin
barang,bagus
ori,laptop
model,harga
nego,layan
ramah,unit
bagus,rekomend
banget,cari
laptop,mas
ramah,tambah
instal,office
barang,bagus
pilih,unit
dapet,diskon
staf,bantu
ramah,tempat
adem,bersih
layan,super
ramah,kualitas
laptop,bagus
rekomen,nyari
laptop,second
tempat,nyaman
layan,jg
cepet,nemenin
teman,kantor
beli,laptop
layan,bagus
laptop,lengkap
kondisi,layan
muas,laptop
bagus,bagus
offline,store
ignya,laptopbekasyogyakartaid
bekas,kualitas
barang,manteb
manteb,mantau
ignya,postingan
kalo,tidak
cepet,cepet
nge,booking
keduluan,orang
hasil,buru
dapet,tuff
f,hemat
beli,barang
like,new
cari,laptop
bekas,ya
hero,computer
tempat,jual
beli,tukar
layan,staf
yang,ramah
mantap,layan
responsif,rekomended
layan,oke
harga,jangkau
sip,pokoe
tempat,aman
nyaman,tugas
bantu,tawar
harga,baik
layan,ramah
jelas,laptop
detail,harga
affordable,spec
laptop,yang
dapat,pilih
laptop,layan
bagus,layan
oke,barang
nya,mantap
baik,layan
super,ramah
cepat,tempat
rapih,nyaman
barang,bagus
bagus,numbaske
laptop,ibuk
bonus,potong
harga,masmas
jual,lumayan
bantu,barang
cek,puas
tidak,ngeh
dah,jam
tutup,matur
nuwun,heroes
layan,nya
ramah,harga
oke,barang
bagus,sesuai
mantappp,puas
beli,laptop
chat,pas
h,lebaran
direspon,layan
terimakasih,moga
sehat,sukses
orang,layan
ok,layan
top,pilih
laptop,agam
top,bagus
nyaman,layan
oke,layan
harga,sahabat
kualitas,mantap
bgtt,makasih
herooo,bagus
banget,like
newwww,mas
ramah,sabar
utk,org
yang,gak
ngerti,laptop
worth,coba
beliii,beli
laptop,second
kualitas,saja
harga,murah
jogja,mantapp
spek,laptop
baguss,layan
baguss,jossjisss
recomended,masya
ramahh,poll
pilih,lengkap
layan,oke
harga,jangkau
layan,ramah
harga,jangkau
layan,bintang
puas,banget
nanya,saja
produk,jual
beneran,kualitas
second,kondisi
kayak,barang
harga,worth
the,price
sukses,hero
computer,recommend
beli,laptop
sellernya,ramah
friendly,moga
amanah,berkah
rezeki,layan
ramah,laptop
mau,kualitas
mantap,harga
jangkau,tempat
nyaman,dingin
pilih,harga
murah,rekomen
banget,layan
nya,bagus
banget,layan
good,laptop
nya,garansi
worth,it
layan,bagus
ramah,pegawai
sat,set
storenya,nyaman
banget,tempate
ciamik,pol
lengkap,hargane
murah,riah
layan,ramah
pilih,layan
bagus,rekomen
cari,laptop
kualitas,baik
laptop,second
jual,beli
layan,ramah
laptop,second
garansi,baik
kota,jogja
gud,simpel
tidak,sesat
rekomendid,mas
nya,renyah
renyah,sat
set,gas
toko,baik
yang,jual
laptop,second
udah,x
beli,kecewa
respon,jual
moga,barang
yang,sesuai
ya,trimakasih
beli,macbook
air,moga
awet,layan
muas,pokok
mantap,beli
harga,jangkau
mas,nya
ramah,banget
layan,oke
baik,barang
mulus,banget
layan,ramah
helpfull,laptop
sedia,kondisi
bagus,pilih
laptop,layan
ramah,beli
laptop,percaya
harga,jangkau
layan,bagus
ramah,tempat
bersih,sejuk
nyaman,baik
nyaman,layan
ramah,barang
bagus,harga
jangkau,kualitas
baik,baguss
toko,lengkap
outlet,sedia
laptop,second
kualitas,toko
laptop,terrekomend
dijogja,kondisi
barang,bagus
no,minus
harga,kompetitif
layan,nya
unit,sedia
harga,jangkau
cocok,nyari
laptop,gacorrr
parah,toko
layan,kerennn
cari,laptop
second,bener
bener,best
jamin,gen
baru,nyaman
laptop,tipe
harga,miring
josss,bagussbarang
bagus,harga
murah,kakak
nya,ramah
banget,nanya
saja,laptop
second,kondisi
kayak,barang
harga,deh
the,best
pokok,lancar
hero,komputer
respon,jual
ramahh,sat
sett,kualitas
oke,sesuai
pict,kirim
tempat,nyaman
layan,ramah
beli,laptop
second,kualitas
langsung,gass
kesini,mantapp
harga,affordable
barang,up
date,layan
ok,bangettt
yang,cari
leptop,second
worth,it
banget,sihh
laptop,second
like,new
recomendedpuas,beli
sukses,hero
computer,laptop
si,keren
keren,murah
pilih,mas
jago,ngejelasin
customer,tidak
bingung,milih
sesuai,butuh
jual,beli
laptop,mantap
ruang,nyaman
layan,cek
pricelist,lengkap
wa,tidak
bingung,pilih
barang,second
garansi,tenang
beli,mantap
hero,computer
recommended,layan
ramah,lumayan
pilih,harga
bawah,pasar
layan,komunikatif
ramah,cocok
si,temen
temen,nyari
laptop,second
kualitas,leptop
msi,a
like,new
harga,harga
ubah,si
simpan,ssd
tidak,sesuai
bawa,gamasalah
aman,layan
ramah,diskon
jumat,berkah
smoga,awet
beli,laptop
second,kualitas
harga,tarik
pelanyannya,ramah
muas,pokok
mantap,sukses
hero,computer
recommended,banget
jual,beli
laptop,layan
ramah,harga
pas,barang
bagus,mulus
percaya,cocok
deh,belanja
ramah,bagus
rekomen,jual
n,beli
leptop,disni
udah,mantau
instagram,nemu
laptop,sesuai
budget,toko
bersih,produk
tawar,bagusbagus
garansi,resmi
layan,ramah
banget,nyari
laptop,second
kualitas,bagus
langsung,dateng
toko,alhamdulillah
beli,laptop
sesuai,butuh
kondisi,bagus
bngt,harga
jangkau,sekian
kali,beli
laptop,kecewa
rekomended,bangat
laptonya,garansi
nya,alhamdulillah
layan,ramah
leptop,jual
kualitas,layan
ramah,banget
kondisi,barang
bagus,layan
ramah,cepatt
rekomen,yang
nyari,laptop
second,tpi
kualiatas,bagus
mantab,moga
berkah,barokah
beli,laptop
bekas,baik
layan,ramah
pokoke,joss
gandoss,cari
laptop,bekas
bagus,awat
percaya,solusi
puas,laptop
layan,mantab
unit,bagus
rekomen,banget
cari,laptop
laptop,second
kualitas,promo
bonus,wiss
pokoke,joss
tenan,neng
kene,tengkyuh
layan,yang
ramah,ashoiy
banget,layan
ramah,jual
laptop,harga
pasar,recommended
mahasiswa,harga
sesuai,kualitas
jamin,seller
ramah,layan
baiksukses,toko
nya,pelayananya
bagus,banget
jelasinnya,detail
harga,ajar
pkoknya,recomend
banget,layan
ramah,kondisi
laptop,bagus
bener,lolos
qc,well
pokok,bintang
leptop,bekualitas
aman,very
trusted,recommended
seller,beli
online,direct
trf,barang
sesuai,yang
tawar,works
packing,nya
jg,bagus
bubble,wrapnya
tebel,layan
oke,ramah
support,yang
butuh,butuh
layan,benarbenar
ramah,jamin
butuh,tidak
salah,pilih
deh,jualbeli
laptop,hero
computer,udah
baik,pokok
layan,ramah
hargaharga,laptop
sesuai,budget
mahasiswa,pelayanannnyaa
sangatt,baguusss
kakak,kakak
nyaa,gercepp
dann,ramahhh
selaluu,fastt
responn,barang
barangnyaa,jugaa
lengkaap,dann
baikk,banget
dikasihh,free
giftt,diskon
thank,youuu
bagus,nyaman
layan,recommended
beli,kali
beli,laptop
second,lihat
deskripsi,kondisi
atas,ragu
trus,ngumpulin
niat,beli
kesana,lihat
langsung,barang
dateng,laptop
mulus,banget
dalam,ori
seller,ramah
fast,respon
konsultasi,lasca
beli,layan
pokok,joss
beli,laptop
layan,top
harga,saing
recommended,banget
butuh,gadget
jual,laptop
second,teerrr
recomended,layan
ramah,cocok
yang,cari
laptop,bekas
murah,bagus
puas,beli
laptop,layan
ramah,super
satset,rekomend
banget,seller
fast,respon
pilih,produk
mantap,murah
garansi,toko
mudah,kalo
selatan,alfamart
laptop,lengkap
bekas,kualitas
premium,tidak
kecewa,layan
ramah,pelayananya
ramah,kondisi
laptop,kondisi
laptop,harga
jangkau,toko
rekomendasi,seri
baru,layan
ramah,murah
josjis,toko
laptop,murah
garansi,jual
laptop,second
jogja,rekomended
sih,laptop
biarpun,tempat
nyaman,sih
layan,ramah
second,barang
baguss,bngt
recomen,bngt
si,jualbeli
laptop,layan
oke,barang
kondisi,baguss
barang,nya
bagus,jangkau
harga,mantap
layan,nya
layan,mas
jelasin,lebih
laptop,toko
laptop,ken
kualitas,harga
yang,miringsangat
recomendedmaju,hero
computer,layan
negosiasi,nyaman
kecewa,pilih
laptop,favorit
incar,moga
kembang,layan
bagus,kecewa
barang,bagus
jamin,aman
layan,ramah
konsultasi,laptop
arah,sesuai
budget,butuh
jual,laptop
tidak,pake
ribet,coba
beli,nyaman
layan,ramah
harga,jangkau
recommended,nyari
laptop,second
garansi,layan
yang,bagus
mas,nya
suggest,laptop
sesuai,butuh
layan,mantap
software,ori
barang,mulus
recommended,baguss
bangettt,harga
mantap,layan
muas,recommended
man,repeat
order,x
beli,laptop
laptop,nd
yang,recomended
pokok,layan
ramah,stok
lengkap,pilih
harga,jangkau
terimakasih,good
place,terbaikk
mantap,harga
murah,tempat
enak,nyaman
layan,ramah
beli,asus
tuf,dash
toko,segi
barang,bagus
laptop,second
layan,bagus
feel,free
to,ask
laptop,beli
fasilitas,garansi
sedia,asus
tuf,beli
cek,barang
toko,baguss
layan,mantap
cocok,nyari
laptopp,the
best,toko
dehh,allhamdullilah
produk,kecewa
garansi,toko
garansi,pabrikan
aktif,pelayananannya
ramah,pilih
n,moga
barang,baguss
awett,layan
barang,bagus
bagus,terbaruuu
kalauu,nanyaa
sangatt,jelass
bole,liat
liat,sepuasnyaa
rekomenn,sekali
nice,pakai
mantap,spek
harga,nya
sesuai,layan
nya,nyaman
pilih,laptop
kualitas,laptop
bagus,bagus
garansi,toko
baik,banget
pokok,hero
computer,jaman
kuliah,beli
sampe,ganti
beliin,adek
recomended,cari
laptop,nd
kualitas,kondisi
oke,bangett
jual,amanah
thanks,hero
computer,layan
ramah,kualitas
laptop,bagus
aaaaa,neng
banget,beli
laptop,second
layan,ramah
banget,terus
laptop,kualitas
top,harga
murahh,bsk
kalo,beli
laptop,kesini
deh,beli
laptop,recomended
kualitas,nicee
harga,jangkau
nego,barang
nya,garansi
resmi,cocok
cari,laptop
nd,kualitas
mantap,nyaman
jual,ramah
harga,murah
layan,ramah
harga,saing
mantap,sadar
beli,laptop
tidak,murah
giur,spek
langsung,rusak
hero,computer
isi,laptoo
bekas,generasi
jamin,barang
bagus,harga
saing,banget
alhamdulillah,layan
bagus,laptop
bagus,kondisi
sukses,my
hero,hero
komputer,rekomendasi
beli,laptop
second,like
new,layan
nya,baikramahfast
respon,jugaharga
toppama,makasih
ya,bonus
mantap,layan
ramah,barang
lengkap,muas
beli,laptop
lengkap,yogyakarta
harga,murah
layan,ramah
nyaman,layan
muas,beli
laptop,sesuai
bugdet,laptop
kualitas,bagus
recomend,banget
sih,yang
cari,laptop
bekas,barang
oke,banget
sih,ngha
nyesel,jogja
beli,laptop
ciiiiiaaaamiiik,banget
layan,ramah
detail,beli
laptop,good
service,laptop
kualitas,bagus
layan,langgan
joss,rekomen
cari,laptop
bekas,kualitas
tempat,nyaman
pelayananya,mantap
barang,oke
layan,ramah
trusted,bagus
komplit,pilih
jual,ramah
layan,ramah
harga,murah
barang,kualitas
layan,bagus
nyaman,unit
lengkap,bagus
rekomended,pokok
nyamanpenanganan,ramah
rekomendasi,banget
barang,josskualitas
mantabh,layan
ramah,jual
nya,ramah
harga,jangkau
maseh,sabarjos
jisnego,puoolll
mentok,mantabb
barang,keren
beli,bekas
serasa,beli
jual,laptop
bekas,recomended
barang,kualitas
jual,ramah
laptop,second
banget,toko
hero,computer
layan,ramah
detail,spesifikasi
laptop,butuh
rekomendasi,kualitas
like,new
dapet,potong
harga,mantap
pokok,bekas
kualitas,harga
langgan,puas
moga,amanah
terima,kasih
laptop,lengkap
ramah,infomatif
lengkap,pilih
laptop,spek
standar,gaming
service,mantap
worth,it
all,barang
mantap,tempat
bagus,garansi
toko,layan
ramah,laptop
good,quality
harga,jangkau
nyaman,layan
bagus,macemmacem
macemmacem,recoment
yang,cari
laptop,nyaman
service,ramah
pilih,harga
jangkau,mantaabbb
pokoknyaa,layan
muas,laptop
laptop,bekas
ragu,beli
laptop,layan
ramah,barang
nya,mulus
rekomendasi,rekomended
beli,laptop
bekas,mantap
pokok,layan
baik,recommended
banget,deh
laptop,tawar
bagus,keluar
laptop,rekomendasi
minus,laptop
tawar,pilih
layan,ramah
mantap,harga
jangkau,kealitas
baik,layan
ramah,mudah
temu,bersih
barang,recomend
pokok,recomended
beli,laptop
second,sini
beli,laptop
ken,hero
computer,muas
nyaman,layan
muas,baguss
mas,informatif
ramah,layan
mas,nya
ramah,pokok
rekomen,jualbeli
laptop,produk
bagus,kondisi
bner,bner
bagus,mantap
layan,ramah
chat,fastrespon
lokasi,nyaman
layan,bagus
kasih,diskon
tambah,layan
ramah,barang
kualitas,layan
oke,mantap
layan,ramah
laptop,kondisi
likenew,mantap
layan,bagus
cepat,layan
bagus,ramah
barang,sesuai
beli,laptop
hero,computer
rekomended,pilih
sellernya,ramah
sukses,hero
computer,layan
buka,konsultasi
via,chat
kunjung,storenya
langsung,produk
laptop,variasi
garansi,jual
beli,laptop
second,generasi
jual,ramah
mantap,laptop
like,new
layan,ramah
moga,awet
laptop,sukses
jual,laptop
second,recommended
jogja,laptop
cek,kondisi
recommended,yang
cari,laptop
second,untukk
layan,bagus
sini,erti
laptop,atauu
tauu,pasti
arah,rekomendasi
sesuai,budget
kitaa,punyaaa
tbtb,cari
laptop,layan
baik,laptop
second,kualitas
ny,bagus
layan,ramah
unit,bagus
jaga,tempat
bersih,layan
ramah,rekomen
cari,laptop
second,mantap
toko,nyaman
beli,laptop
second,pilih
bagus,bagus
gacor,laptop
bagus,bagus
recomended,cari
cari,laptop
jogja,kasih
info,bos
cari,laptop
bekas,jogja
langsung,hero
computer,nya
recomended,bangett
pelayananya,ramah
kondisi,laptop
bagus,mantap
barang,bagus
servis,bagus
dapet,diskon
jg,layan
ramah,cepat
diskon,pokok
rekomended,cari
laptop,gaming
tukar,sukses
jaya,tempat
bersihpelayanan,informatif
harga,relatif
jangkau,layan
barang,rekomend
banget,cari
laptop,insyaallah
bagus,unit
jual,beli
laptop,yogyakarta
barang,bagus
harga,jangkau
kesini,beli
laptop,asus
layan,ramah
detai,diskonnnn
laptop,kualitas
harga,baik
insyaallah,amanah
alhamdulillah,rejeki
beli,laptop
layan,ramah
jelas,lengkap
pelayananya,ramah
detail,customer
layan,ramah
barang,lengkap
variasi,bonusnyaa
layan,mantap
diskon,langsung
cus,gais
baguss,layan
muas,layan
yang,ramahdan
harga,murahbarang
berkualitasmantappp,recommended
cari,laptop
nd,kualitas
layan,ramah
sedia,laptop
sesuai,butuh
layan,ramah
detail,rekomendasi
sesuai,harap
laptop,bekas
baruu,joss
harga,murah
kualitas,bintang
nek,ragu
rasah,tuku
nek,kene
laptop,like
new,harga
affordable,layan
oke,banget
kualitas,bagus
banget,mantapppppp
bangetttt,promo
guys,beli
hero,computer
jogjaa,ramahh
harga,jangkau
layan,jugaa
baikk,beli
asus,mqa
bagus,informatif
bonus,cleaner
mouse,sy
pilih,cleaner
tempat,enak
adem,ac
terima,kasih
hero,computer
bismillah,moga
laptop,awet
muas,beli
percaya,barang
qc,tempat
nyaman,seller
nya,ramah
detail,produk
nya,mantap
beli,mudah
erti,rekomen
banget,kualitas
barang,nya
oke,layan
bagus,harga
jangkau,barang
ok,murah
garansi,varian
pilih,laptop
layan,ramah
profesional,nyaman
laptop,bekas
harga,murah
jogjaa,pilih
bnob,nyobain
bandingin,leluasa
masya,allah
sip,banget
like,new
laptop,hemat
jtan,alhamdulillah
pilih,sesuai
budget,butuh
staffnya,ramahramah
keren,baguss
semuaaa,barang
yang,garansi
resmi,harga
jangkau,alhamdulillah
layan,ramah
mas,jual
ramah,laptop
bagus,recomended
jamin,kualitas
garansi,resmi
yang,pokok
pas,banget
deh,nemu
toko,laptop
yang,sesuai
harap,harga
yang,sahabat
top,pokok
cari,laptop
badget,yang
pas,sesuai
harap,ayo
mampir,toko
hero,komputer
super,bagus
super,muas
layan,ramahh
baikk,jelass
kl,tidak
paham,komputer
dicekin,dijelasin
no,tipu
tipu,baik
pokonyaa,beli
komputerlaptop,mengecewakannn
jual,laptop
bekas,like
new,recomended
percaya,garansi
barang,bagus
harga,jangkau
mantap,barang
baguss,amanahh
joss,recommended
banget,nyari
laptop,bekas
murah,kualitas
bagus,banget
harga,relatif
murah,harga
asli,recomen
beli,laptop
second,barang
bagus,rekomended
layan,ramah
nanya,professional
barang,bagus
dam,kualitas
puas,banget
pokok,top
jaya,harga
kualitas,laptop
nya,baik
tempat,nyaman
n,modern
kmrin,bli
laptop,asus
hero,comp
jogja,sempet
problem,touch
pad,tdk
fungsi,karna
salah,install
lsng,komplain
milik,sudah
garansi,toko
ttp,bantu
servis,asus
krna,garansi
resmi,skrg
laptop,fungsi
dengan,segi
layan,sgt
tanggung,trims
kasih,sgt
rekomen,beli
laptop,second
hero,utk
yang,sdg
bisnis,sprti
krna,harga
sgt,jangkau
jual,informatif
barang,oke
alhamdulillah,dapet
potong,hargamouse
moga,laptop
awet,ya
aamiin,mantap
jual,beli
laptop,yang
reccomended,jamin
tidak,nyesel
deh,layan
ramah,laptop
bagus,kondisi
bagus,pelanyanan
ramah,store
nyaman,barang
bagus,jamin
rekomended,banget
sih,beli
laptop,gak
ragu,alhamdulillah
dapet,laptop
store,layan
oke,harga
jangkau,pot
k,moga
awet,terima
kasih,hero
computer,jual
beli,laptop
terdebest,jogja
bingung,nyari
laptop,second
kualitas,jamin
kualitas,langsung
mampir,layan
oke,mantaps
dah,pokok
hero,computer
mantap,banget
toko,laptop
lengkap,jogja
tempat,nyaman
layan,ramah
amanah,pilih
laptop,harga
jangkau,pilih
laptop,kualitas
laptop,bagus
layan,ramah
bagus,alam
beli,notebook
budget,yang
beli,charger
trouble,ganti
kabel,powernya
sajadgn,janji
trouble,bantu
selang,hubung
kait,karna
garansi,coba
servis,center
krna,garansi
charger,unit
laptop,beda
paksa,beli
charger,k
saran,perhati
customer,yang
beli,tempat
tdk,ganti
rusa,minimal
solusi,aftersales
terbaikkarna,percaya
mahal,dengan
cacat,produk
jual,customer
toko,laptop
baik,jogja
rekomended,ramah
nyaman,barang
bagus,harga
kompetitif,jual
laptop,second
percaya,ramah
fast,respon
chat,layan
sedia,pilih
puas,layan
barang,ok
banget,layan
layan,ramah
recommended,hunter
laptop,second
dengan,kualitas
yang,baik
dengan,harga
yang,jangkau
mantap,layan
bagus,jual
ramah,banget
jelasin,harga
laptop,bekas
yang,kaya
laptop,worth
it,bangett
cocok,banget
yang,cari
laptop,bekas
kaya,baruu
kereen,mantap
layan,oke
bangett,strategis
layan,bagus
promo,laptop
bekas,like
new,garansi
barang,mantap
layan,ramah
rekomend,alhamdulillah
beli,laptop
moga,awet
manfaat,banget
masnyaaa,masookkkk
trusted,barang
like,new
garansi,harga
sesuai,kantong
sukses,jual
leptop,second
bagus,percaya
bonus,nya
layan,ramah
admin,chat
fastrespon,banget
layan,kondisi
laptop,bagusbagus
rekomendasi,cari
laptop,second
cocok,buatt
ajar,mahasiswaa
garansinnya,jugaa
layan,ramah
harga,sesuai
kualitas,barang
toko,laptop
second,lengkap
jangkau,harga
jual,ramah
detail,jelasinnya
xiixix,laptop
lengkapp,beli
inialhamdullilah,dpt
laktop,sesuai
budget,dengan
jelas,n
bantu,yang
dari,mas
esemoga,laktop
beli,slalu
lancar,aman
n,enak
dipake,harap
aminn,sukses
bt,hero
computer,kualitas
bagus,bonus
rekomended,cari
laptop,second
jogja,beli
laptop,yang
amanah,murah
tapi,g
murah,cocok
kantong,mahasiswa
bismillah,beli
laptop,moga
awet,manfaat
lupa,hero
computer,recomended
bt,cari
laptop,nd
trimss,beli
laptop,langsung
kesini,layan
ramah,informasi
update,muas
barang,bagus
laptop,apik
murah,garansi
teman,khusus
area,jogja
yaa,yang
nyari,laptop
second,harga
murah,hero
computer,jogjadi
jamin,langsung
gass,mantap
hero,computer
rekomen,mantapp
barang,e
oke,tempat
nyaman,layan
laptop,nya
mantep,mantep
bersih,layan
okee,tempat
bagus,harga
afforouble,cocok
mahasiswa,nyari
rekomendasi,laptop
garansinyainsya,allah
amanah,mantap
moga,sukses
jaya,thanks
to,supportnya
mantao,barang
bagus,respon
cepat,garansi
toko,spesialis
laptop,nd
layan,mantaap
kali,beli
laptop,kerenn
banget,tempat
mas,nya
komunikatif,ramah
banget,recomended
banget,upgrade
laptop,silah
langsung,store
langgan,beli
laptop,karyawan
kantor,alhamdulillah
kecewa,laptop
bagus,kualitas
garansi,harga
sahabat,layan
spesifikasi,nya
mudah,paham
recommended,bangat
yang,cari
laptop,second
kualitas,jujur
recommend,banget
banget,banget
beli,laptop
second,jual
tukar,sellernya
amanah,banget
ramah,dijelasin
paham,tempat
cozy,nyaman
bangettttt,the
best,pokok
nek,meh
nyari,laptop
nd,kualitas
langsung,hero
saja,udah
x,beli
laptop,gaming
kecewa,jual
laptop,ken
kualitas,ter
mas,nya
ramah,banget
bantu,rekomen
banget,layan
bagus,mase
ramah,sabargood
job,hero
computer,ijin
bagi,alam
sempet,kecewa
beli,laptop
hero,komputer
mana,beli
laptop,asus
tuf,pakai
rusa,lcd
claim,repain
hero,pakai
lcd,ulang
ajar,teman
teman,keren
pegawai,ramah
bantu,sukses
layan,ramah
barang,yang
jual,kualitas
rapi,bersih
barang,komplit
layan,ramah
harga,masuk
kantong,trusted
banget,barang
kualitas,mantab
banget,recommended
banget,cari
laptop,bekas
kualitas,mantapp
nyamanbagus,toko
laptop,second
recommend,jogja
mas,ramah
enak,ajak
diskusi,layan
satset,kasi
bonuspotongan,inti
kalo,nyari
laptop,second
harga,miring
kualitas,serasa
silah,kesini
cari,rog
tapi,ketemu
lenovo,legion
yang,mantep
layan,ramah
santai,orang
magelang,mantap
pokok,barang
bagus,kualitas
jaga,harga
jangkau,layan
ramah,konsultasi
spek,leptop
layan,muas
layan,cepat
ramah,harga
jangkau,kualitasnyaa
gaperlu,diragukannn
gaiss,top
markotop,beli
laptop,second
recomandedpelayanannya,bagusharga
murahpengalaman,beli
laptop,potong
harga,lumayan
layan,ramah
muas,laptop
nya,keren
edisi,baru
tidak,sia
purworejo,kesini
mantappp,cari
gadget,recomended
banget,khusunya
laptop,cari
laptop,second
bantu,kasih
rekomendasi,mas
mas,pegawai
layan,super
ramah,bantu
tentu,pilih
toko,laptop
second,recomended
jogja,barang
jamin,bagus
kualitas,segi
harga,relatif
ya,untung
dapet,laptop
second,pakai
sebentar,laptop
garansi,resmi
harga,relatif
murah,toko
laptop,gaming
yang,proper
kunjung,rekomendasi
hero,computer
butuh,produk
laptop,bekas
kualitas,layan
benarbenar,pilih
baik,belanja
butuh,teknologi
mantap,jiwa
recommend,broku
toko,jual
beli,laptop
rekomen,jogja
tempat,nyaman
layan,ramah
bestt,layan
oke,banget
informasi,recommended
beli,laptop
second,rekomend
banget,sihh
cari,laptop
hargaa,okee
kualitas,juara
layan,tidak
kalah,oke
hero,computer
jogja,mantapppppssss
barang,oke
harga,aman
kantong,gak
nyesel,deh
kalo,beli
kuyyy,yang
nyobain,belanja
laptop,buruannn
cobain,gak
nyesel,hero
komputer,disko
mantapsss,layan
oke,moga
awet,terima
kasih,bantu
mantap,ngab
ramah,mase
kasih,bnyak
recommed,layan
customer,mula
josjis,rekomendasi
laptop,bekas
kualitas,garansi
resmi,barang
like,new
layan,oke
cari,gadget
recomended,banget
khusunya,laptop
cari,laptop
second,bingun
myari,laptop
tenang,mas
mas,bantuin
nyaraninpelayanan,super
ramah,bantu
tentu,pilih
review,niat
nih,hero
computer,puas
order,dhihihi
instagram,terang
foto,tarik
testimoni,kirim
layan,pilih
laptop,bekas
generasi,harga
baik,beli
mending,beli
hehehe,layan
nyaman,pokok
sukses,terusss
hihi,thankyou
jual,beli
laptop,nyaman
layan,senang
kualitas,barang
mulus,layak
bintang,tunggu
gas,toko
laptop,nyaman
murah,jual
yang,ramah
jelasin,spek
laptop,konsumen
sampe,sedail
serinci,bestbpokoknya
deh,mantap
seller,ramah
bantu,recomended
banget,tempatnyaa
nyaman,layan
ramah,harga
standar,sesuai
spek,negoo
layan,mantapharga
jangkau,recommended
nyari,laptop
layan,oke
barang,bagus
sekaliiii,harga
sahabat,layan
tempat,jg
nyaman,layan
bagus,laptop
ok,murah
kualitas,bagus
dapet,bonus
mouse,baik
moga,sukses
yaaaaa,unit
barang,sesuai
ig,alam
beli,laptop
hero,computer
jogja,muas
layan,ramah
kondisi,laptop
sukses,rekomendasi
beli,laptop
bekas,kualitas
ya,hero
computer,jogja
bagus,amanah
beli,laptop
second,admin
gercep,informatif
beli,tanyatanya
booking,cek
instagram,unit
unit,better
langsung,adminnya
unit,admin
fast,respon
layan,ramah
kondisi,laptop
bagus,tambah
garansi,toko
resmi,aktif
harga,jual
jelek,layan
mantab,layan
ramah,harga
sahabat,pelayanam
ramah,informatif
best,kondisi
laptop,oke
banget,moga
sukses,bersih
nyaman,layan
ramah,harga
jangkau,mantap
pokok,recommended
seller,laptop
second,kualitas
bonus,trusted
bgtt,harga
friendly,beli
layan,cepat
ramahsudah,kali
beli,laptop
kesini,sangar
rekomendasi,banget
mas,e
ramah,satset
singkat,mantap
seller,ramah
nyaman,cari
laptop,bekas
garansi,resmi
coba,cari
stok,nomor
yang,cantum
pokok,e
puas,kro
layan,e
ramah,amanah
booking,unit
pilih,recommended
dijelasin,unit
seller,ramah
enak,ajak
ngobrol,konsul
laptop,baik
josss,recomended
layan,ramahtempatnya
enak,bersih
mudah,temu
layan,oke
mantap,layan
ramah,bantu
harga,jangkau
kualitas,oke
harga,baik
moga,awet
barang,e
suwun,bro
ku,faza
beli,laptop
bekas,percaya
jogja,pilih
produk,bagus
harga,saing
seller,responsif
tempat,strategis
gampang,cari
nyaman,bersih
barang,mantab
tidak,kecewa
fast,respon
dm,ig
keren,pokok
alhamdulillah,ngejual
laptop,layan
banget,topp
rekomendasi,beli
laptop,yogyakarta
percaya,sukses
stock,laptop
lengkap,harga
jangkau,kalang
mahasiswa,jogja
beli,laptop
bekas,nitip
jual,jaga
ramah,murah
kualitas,jamin
coba,cek
kondisi,barang
alam,beli
asik,sih
nego,santai
senang,keren
seller,nya
ramah,percaya
detail,barang
komplit,serta
bukti,komunikasi
ny,nyaman
karna,buka
imformasi,produk
riil,layan
sat,set
joss,pokok
kemarin,abis
beli,murah
banget,pelayanannyaa
mantappp,layan
ramah,komunikatif
barang,jual
oke,banget
super,recommended
cari,laptop
kualitas,langsung
gas,kesini
laptop,second
kualitas,garansi
resmi,layan
joss,recomended
layan,muas
rekomendasi,banget
cari,laptop
ken,kualitas
premium,layan
ramah,harga
jangkau,insyaallah
kualitas,bintang
second,like
new,potong
harga,mantap
tunggu,discount
layan,bagus
barang,nya
bagus,layan
ramah,laptop
generasi,baru
second,laptop
yang,bener
like,new
nya,baguspenjaga
toko,bantu
performa,spesifikasi
laptop,beli
detail,banding
jelas,mudah
paham,layan
kualitas,laptop
bagus,sesuai
harga,layan
ramah,mantap
overall,muas
kasih,bintang
barang,nya
bagus,recommended
cari,laptop
harga,rakyat
kualitas,jabat
pokokny,gas
keun,sobat
beli,laptop
second,baik
layan,ramah
sabar,detail
recommended,tempatnyaa
baguss,harga
budget,mahasiswaaa
bangettt,kualitas
laptop,joss
banget,like
new,beri
garansi,thn
bener,bantu
yang,penting
harga,nya
yang,murah
dari,harga
normal,kondisi
nya,jos
recomended,banget
pokok,e
fasilitas,bagus
layan,professional
layan,bagus
haga,murah
jasa,detail
mantap,benerin
tapi,engsel
rusak,plus
wifi,bluetooth
tidak,fungsi
servis,murah
dibenerin,koleksi
mantab,harga
oke,layan
juosss,laptop
second,murah
kualiatas,jamin
muas,admin
ramah,barang
bagus,harga
sahabat,layan
ramah,layan
ramah,all
good,recommended
banget,cari
laptop,bekas
kualitas,joss
kalo,cepet
booking,kalo
gak,ya
keduluan,yang
wkwk,mantep
sih,stok
pilih,kali
kesini,bismillah
awet,kuliah
barokah,josss
poll,ra
hoaxx,cari
laptop,recommended
dapet,garansi
resmi,harga
worth,it
mas,ramah
moga,amanah
layan,mantap
laptop,bagus
recomendet,barang
bagus,barang
second,tapi
versi,jual
nya,ramah
sabar,jos
beli,saja
tidak,bingung
liat,review
cus,lgsg
chat,dateng
toko,hahaha
mas,ngelayaninnya
ramah,banget
dijelasin,detail
barang,aman
garansi,resmi
mantul,no
debat,kualitas
sangatt,bagus
recomended,sekaliii
layan,ramah
fast,respon
yang,cari
laptop,nd
wajib,hero
computer,jogja
laptop,bekas
tidak,kaleng
mantepp,pusat
laptop,second
kualitas,jogja
mantap,pokok
langgan,cuss
gas,ajah
second,kualitas
mantap,beli
mantul,deh
layan,bagus
kirim,cepat
jual,ramah
rekomen,cari
laptop,bekas
baik,murah
jogja,pokok
layan,ramah
barang,bagus
baik,layan
bagus,banget
karyawannya,ramah
mantap,recomended
banget,beli
laptop,bekas
like,new
gudang,laptop
second,berkualitasdg
harga,terjangkaumasih
tambah,bonus
layan,ramah
mas,nya
sabar,unit
laptop,bagus
mulus,jual
beli,laptop
murah,percaya
jogja,unit
seger,pasti
laptop,second
kondisi,kayak
barang,harga
jangkau,mantap
pokok,lancar
hero,komputer
bagus,banget
toko,aman
percaya,adminnya
ramah,bangettt
bintang,layan
nya,ramah
jelas,lengkap
kualitas,laptop
baik,pokok
nya,makasih
mas,leptop
nya,bagus
lokasi,sesuai
pilih,monggo
cari,leptop
langsung,stornya
yaaa,mas
bantu,sesuai
butuh,recommended
banget,yang
cari,laptop
second,tapi
kualitas,ajib
layan,muas
tidak,kecewa
bintang,layan
diskon,harga
okee,sejogja
mwantep,jual
beli,laptop
gaming,rekomended
jogja,layan
oke,staff
ramah,highly
recommended,place
for,you
to,get
nd,laptop
with,high
specifications,but
affordable,layan
ownernya,supel
ramah,untung
bonus,konsultasi
gratis,jaga
mental,health
trust,me
i,did
it,he
is,a
man,loving
listening,to
you,good
luck,hero
laptop,tempat
nyaman,proses
cepat,responsif
harga,jangkau
rekomendasi,potong
yang,josss
barang,nya
bagus,bagus
jamin,bersih
nya,the
best,hero
computer,layan
mantap,store
bersih,adem
barang,good
condition,recomended
wilayah,jogja
rekomend,banget
beli,laptop
harga,murah
barang,ajibb
banget,layan
oke,bagus
laptop,rekomendasi
yang,cari
laptop,bekas
kualitas,barang
jamin,aman
original,nya
nyaman,transaksi
jelas,detail
dapet,bonus
mantep,pokoke
barang,ok
layan,ramah
recomended,banget
deh,kl
cari,laptop
second,garansi
resmi,layan
ramah,cepat
tempat,nyaman
jenis,laptop
sedia,nyaman
ramah,layan
laptop,oke
harga,oke
dapet,bonus
mouse,recommend
temen,udah
pantengin,ig
nyaa,adminnya
ramah,ngasih
informasi,fast
respon,jugaa
ratee,nyaman
layan,bagus
jual,laptop
recomended,nyari
laptop,joss
poko,layan
unit,nya
top,markotopp
laptop,kualitas
layan,alhamdulillah
barang,kualitas
mantap,mantau
akun,instagramnya
update,adminnya
fast,respon
tempat,nyaman
barang,bagus
bagus,mas
ramah,banget
layan,oke
rekomen,nyari
laptop,nd
kualitas,mantap
layan,ramah
cepat,daftar
unit,harga
tera,spesifikasi
laptop,unit
mantap,sya
beli,laptop
tempat,nyaman
jual,nya
ramah,mntpp
sukses,jual
laptop,recomend
bintang,percaya
jual,ramah
tempat,enak
pusat,kota
jogja,jual
beli,laptop
second,kualitas
garansi,ownernya
ramah,tawar
baik,unit
laptop,bagus
kondisi,baik
pokok,tidak
nyesel,beli
laptop,second
kualitas,terimakasih
hero,komputer
barang,bagus
mulus,muas
rekomended,cari
laptop,low
end,high
mainnnn,pasnyampe
mas,yang
jual,ramah
layan,sabar
yang,notabene
orang,wkwkwkwk
mantul,makas
maszehhhh,alam
beli,senang
fast,respon
kompeten,lengkap
toko,laptop
murah,jogja
jual,ramah
fast,respon
barang,jamin
cek,profesional
jd,tenang
beli,khawatir
zonkmantap,jiwa
mantap,kualitas
bagus,layan
ramah,salah
laptop,second
kondisi,sperti
harga,miring
layan,ramah
ya,disinidijamin
tdk,kecewa
garansi,jamin
oke,banget
barangnyaa,mas
nya,informatif
nanya,barangbarangnya
jg,bagus
semuamasih,garansi
resmipuas,belanja
disinimakasih,hero
computer,layan
bagus,harga
dinego,layan
gercep,garansi
minggu,layan
nya,memuaskansemua
tipe,laptop
sesuai,budget
kualitas,layan
puasa,nyaman
bersih,layan
ramah,bangetttttttt
barang,jg
oke,okee
percaya,sedia
laptop,bekas
kualitas,mantul
hero,computer
muas,layan
unit,bagus
sesuai,moga
awet,aamin
laptop,second
kualitas,apik
jual,ramah
bebas,tanyatanya
laptop,booking
rekomen,bnget
yang,cari
laptop,second
laptop,garansi
harganyaa,jangkau
layan,ramah
toko,adem
kucing,harga
masuk,akal
ramah,no
tiputipu,fafifuu
sesetbebet,rampung
sip,maturnuwun
layan,mantab
unit,bagus
rekomen,cari
laptop,layan
layan,sabar
lengkap,profesionaal
mantap,layan
nya,ramah
variasi,laptop
pilih,barang
mulus,mantap
toko,laptop
rekomended,tempat
bersih,layan
ramah,kalo
dichat,fastrespon
recommended,beli
laptop,salah
cari,laptop
second,kualitas
tidak,kalah
laptop,respon
cepet,barang
kualitas,jamin
barang,ok
barang,kualitas
bagus,bersih
toko,komputer
jogja,direcomendasikan
cari,laptop
nd,kualitas
kondisi,sipp
bangett,harga
sahabat,layan
nya,oke
banget,laptop
bagus,mantaap
penjelesan,barang
detail,bagus
layan,mantap
pokok,mantapsaya
beli,kualitas
ragu,langsung
mantap,pilih
layan,ramah
barang,keren
harga,jangkau
toko,percaya
barang,bagus
mulus,kasih
bonus,kakak
ramah,fast
respon,jual
laptop,murah
kualitas,mewaaaah
layan,ramah
rekomended,banget
layan,mas
mas,ramah
barang,bagus
harga,murah
layan,ram
komunikatif,bertanggungjawab
moga,awet
unit,amin
mantraapp,laptop
sec,murce
layan,okee
sabar,banget
cek,and
recek,dluu
beli,laptop
ajaaa,rekomendasi
beli,laptop
beli,laptop
gacorr,gaada
minus,rekomended
mantap,cuy
laptop,bekas
keluar,baru
harga,murmer
jual,ramah
jga,recommended
nih,gaisss
poin,yang
lg,butuh
laptop,second
tapi,layan
cekat,jos
gandos,recomended
seller,be
smart,buyer
nyusahin,seller
wkwk,syarat
beli,barang
nd,ya
teliti,jual
ramah,barangbarang
generasi,tidak
ragu,pilih
laptop,layan
ramah,harga
pasunit,jg
oke,recommended
beli,laptop
jogja,terimakasih
layan,baik
laptop,lengkap
aman,jamin
amanah,percaya
jual,beli
laptop,second
terrecomended,jogja
nih,tempat
bagus,pilih
laptop,nyaman
jual,ramah
makasih,hero
computer,layan
produk,kualitas
jempoll,layan
tempat,nyaman
pilih,laptop
bagus,layan
ramah,laptop
bagus,layan
ramah,cepat
responsif,layan
butuh,customer
conter,laptop
plg,rekom
sejogjahrga,pelajardijaminmurmeryaa
sini,gaes
baik,layan
sip,harga
pas,kantong
laptop,kualitas
admin,ramah
harga,jangkau
kualitas,baik
mantap,layan
bagus,unit
istimewa,moga
sukses,nya
nyaman,rapih
bersih,layan
ramah,kakanya
ramah,banget
n,very
helpful,layan
ramah,banget
mas,gacape
hehehee,ayo
beli,saja
jual,ramah
jual,laptop
kualitas,layan
ramah,pantau
ignya,layan
ramah,kualitas
laptop,bagus
harga,nego
jangkau,mahasiswa
alhamdulillah,beli
toko,laptop
hero,computer
layan,baik
bonus,stok
kondisi,bagus
pilih,lengkap
kualitas,bagus
alhamdulillah,layan
harga,spesial
spek,dewa
mantap,layan
muas,ramah
mantapp,deh
pokok,layan
bagus,detail
muas,pokok
recomended,recommend
beli,laptop
kualitas,barangunit
nya,bagus
harga,sahabat
beli,laptop
recomended,bgttttt
bnyk,bonus
nya,lagiii
mantappp,pokoknyaa
layan,ramah
kasih,saran
spec,laptop
cari,layan
nyaman,buka
barang,jual
layan,bagus
laptop,like
new,komplit
murah,layan
mantap,laptop
jangkau,moga
berkah,layan
ramah,cari
leptop,second
toko,saja
laptop,nya
murah,staff
nya,ramahhhh
bonus,nyaaaa
recomended,sekaliii
layan,ramah
jelas,detail
mantap,beli
laptop,second
garansi,mantap
amanah,percaya
pokok,rekomended
nyari,laptop
bekas,kualitas
layan,ramah
sat,set
tempat,nyaman
layan,ramah
laptop,bagusbagus
recommended,deh
pokoknyaa,beli
laptop,second
percaya,barang
bagus,ramah
kantong,layan
nyaman,barang
oke,sukses
hero,computer
jogja,recomended
cari,laptop
second,mantappp
layan,mantab
barang,bagus
mantap,pelayananya
ramah,harga
masuk,banget
layan,baik
diskondapat,bonus
toko,laptop
recommended,area
jogja,mantap
harga,murah
tempat,nyaman
pokok,trusted
moga,sukses
okee,bangeet
kualitas,harga
barang,sesuai
tidak,tiputipu
baguus,pokok
rekomended,cocok
cari,laptop
second,nihhhpelayanannya
ramahh,bangettt
nya,nyaman
pasti,murahmurah
barang,mantap
jamin,bagus
layan,ramah
baik,tempat
nyaman,mudah
cari,layan
ramah,rekomend
banget,salah
toko,laptop
baik,jogjabaik
layan,harga
kualitas,barang
sukses,hero
computer,jogja
barang,lumayan
bagus,layan
maksimal,harga
jangkau,kondisi
barang,mulusmulus
layan,ramah
kualitas,laptop
jamin,lengkap
garansi,ori
kwalitas,barang
jamin,belanja
puas,harga
pas,mantap
layan,ramah
cepat,baik
tempat,strategis
pinggir,jalan
pas,laptop
sedia,bagus
layan,ramah
layan,sampai
informasi,clear
layan,muas
ramah,store
nyaman,rekomended
cari,laptop
gaming,garansi
jogja,maju
usaha,hero
computer,layan
bagustempat,nyamanharga
murahdan,nego
mantab,slurr
rekomended,beli
laptop,jogja
kualitas,harga
toppp,barang
istimewa,sesuai
discripsi,cari
leptop,second
recommended,nyaman
pilih,layan
ramah,laptop
bagussss,layan
jg,oke
banget,d
layan,ramah
informatif,harga
dinego,keren
keren,barang
bagus,kualitas
harga,jangkau
layan,oke
bonus,mouse
mantap,pokok
mah,beli
laptop,second
highend,kualitas
saja,kualitas
barang,layan
oke,punyaa
worth,it
poll,layan
mantap,yang
bekas,beli
pusat,laptop
second,jogja
garansi,resmi
layan,mantap
mas,nya
edukatif,udah
barang,kualitas
ntapp,mantap
banget,rekomendasi
cari,laptop
second,mantep
recommended,mahasiswa
kesini,nyari
laptop,skripsi
pelyanan,oke
nyaman,ber
ac,exelent
barang,oke
layan,oke
harga,oke
recomended,thanks
bro,mantappp
laptop,bekas
worth,it
harga,murah
pokok,mantap
barang,layan
baik,layan
bagusramahstock,barang
lengkap,mas
ramah,laptop
kualitas,kasih
bonus,mantep
mahasiswa,pengin
cari,device
kelas,harga
sahabat,layan
barang,bagus
very,trusted
recommended,seller
nya,nyaman
jual,ramah
layan,ramah
recomended,cari
laptop,second
toko,laptop
baik,kiamat
buka,mantapss
layan,ramah
informatif,harga
kompetitif,moga
sukses,beli
bal,aman
sentosa,hambat
sukses,bisnis
barang,bagus
dapet,bonus
layan,ramah
dn,smoga
awet,laptop
nya,rekomen
baik,jual
beli,laptop
jogja,garansi
resmi,bagus
laptop,bekas
berkualitassmurah,ramah
layan,tentunyaa
rekomend,beli
laptop,mantap
kualitas,laptop
nya,bagus
layan,ramah
nyaman,layan
ramah,cari
laptop,saja
layan,ramah
pasti,harga
jangkau,cari
laptop,second
iya,tempat
laptop,second
kualitas,owner
ramah,layan
bagus,laptop
nya,bagus
barang,kualitas
jual,ramah
baik,laptop
lengkap,jaga
ramah,ramah
harga,ramah
kantong,recommended
layan,ramah
cocok,cari
laptop,bekas
area,jogja
mantab,laptop
garansi,mas
ramah,enak
sharing,layan
cepat,tanggap
sopan,recommended
jual,laptop
spesifikasi,bagus
laptop,mantep
mantep,trusted
guys,barang
oke,mulus
garansi,dapet
bonus,barang
bagus,layan
ramah,recommended
banget,pelayanana
ramah,nyaman
adem,layan
mantab,cari
laptop,bekas
saja,kualitas
a,laptop
harga,jangkau
dapet,diskon
harga,yang
pasang,layan
mantap,rekomended
beli,laptop
nya,nyaman
koleksi,laptop
second,tipe
ramah,keren
beli,laptop
keren,harga
miring,tambah
bonus,keren
layan,mantep
barang,mantep
layan,bagus
banget,puas
pol,pokoke
baik,layan
ramah,pilih
lumayan,variatif
garansi,aman
terpecaya,gampang
konsultasi,mantap
pusat,laptop
kualitas,cs
ramah,banget
jual,ramah
banget,jual
laptop,murah
jogja,worth
it,bangetttttttttttt
pelayananya,bagus
laptop,nya
keren,garansi
jugaa,tempat
bagus,harga
jangkau,mahasiswa
ngebantu,banget
sihh,jual
laptop,yang
garansi,resmi
yang,beda
dg,toko
kerenn,mantap
layan,ramah
harga,sahabat
barang,debes
worth,it
kualitas,barang
bagus,puas
belanja,jaga
toko,ramah
asik,pelayananya
ramah,pokokya
the,best
lahh,toko
laptop,harga
gokil,rekomended
banget,layan
ramah,mantap
harga,sahabat
pilih,laptop
keren,layan
ramah,harga
jangkau,murah
recomended,cari
laptop,spek
harga,terbatass
ramah,amanah
barang,mulus
barang,bagus
mantab,laptop
bagus,layan
ramah,pokok
top,cer
toko,recommended
banget,lgi
cari,laptop
second,kualitas
rekomend,leptop
kualitas,garansi
layan,muas
pilih,laptop
harga,jangkau
mantapp,oke
banget,beli
laptop,second
serasa,baruuu
beli,laptop
spek,bagus
harga,jangkau
recomended,layan
nya,ramahh
beli,laptop
second,recommended
garansi,resmi
layan,ramah
strategis,aksesoris
komplit,layan
mantap,laptop
nd,kualitas
rudi,beli
laptop,bagus
dapet,laptop
gaming,gahar
mantap,harga
miring,rekomend
yang,cari
laptop,second
kualitas,bagus
barang,istimewa
layan,super
ramah,makasih
mas,sukses
teruss,nice
shop,layan
ok,rekomen
tempat,sayang
cepet,hilanh
barang,manteppp
lahh,agan
ramahtempatnya,nyamanudh
tidak,bilang
lagitrusted,nyaman
jual,ramah
tidak,nyesel
beli,ramah
rekomended,laptop
bagus,layan
ramah,recomended
pokoknyaa,recommended
layan,nya
ramahh,layan
ramah,produk
oke,mantapp
sangatt,ramahh
layan,ramah
barang,jospar
layan,cepat
mas,nya
ramah,pool
dapet,legion
wkwk,jual
ramah,pokok
recommend,banget
recomended,lengkap
ramah,laptop
nya,bagus
sesuai,harga
lokasi,mudah
jangkau,siip
hero,computer
layan,ramah
arah,pilih
joss,ramah
kualitas,kecewa
laptop,keren
mulus,like
new,joss
laptop,baguss
baguss,layan
bagus,barang
istimewaaaaaa,mantap
harga,harga
murah,mahasiswa
owner,ramah
layan,oke
murah,penjuru
jogja,layan
ramah,mas
gak,pelit
ilmu,mantap
ramah,sabar
muas,layan
nya,top
second,laptop
model,ramah
barang,sesuai
second,liat
likenew,barang
bagus,layan
toko,ramah
layan,ramah
cepat,informatif
mantab,pokok
layan,ramah
kualitas,top
trusted,recommended
layan,good
seller,layan
cepat,ramah
toko,harga
murah,mantap
rekomendasi,temen
cari,laptop
kerenkualitasnya,baguspelayanan
highly,recommended
layan,ramah
kualitas,produk
okeee,layan
mantab,barang
like,new
harga,nd
nya,nyaman
mas,nya
ramah,recoment
banget,nd
likenews,barang
bagus,beli
laptop,second
recommended,mantabbb
rekomended,bagus
nyari,laptop
harga,baik
jogja,jual
laptop,bekas
kualitas,harga
cari,sesuai
budget,harga
baik,layan
ramah,jos
pokoke,jual
beli,laptop
jogja,garansi
pilihanrecommended,bagus
tempat,rekomen
cari,laptop
dana,ajar
toko,laptop
second,recomended
layan,poll
top,global
beli,laptop
second,harga
murah,kualitas
mantap,gak
nyesel,magelang
laptop,nya
kualitas,worth
it,mulus
mulus,sih
kakak,ramah
layan,bantu
pilih,laptop
sesuai,butuh
keren,mantap
layan,ok
moga,barang
aweet,layan
josjis,harga
rakyat,recommended
pokoke,toko
percaya,kali
transaksi,tdk
kendala,layan
bagus,ramah
mantap,laptop
lengkap,ya
sip,hero
computer,jogja
rekomended,cari
laptop,ajar
mahasiswa,layan
mantap,cekat
harga,murah
jangkau,laptop
jual,bagus
bagus,banget
harga,nya
rakyat,yhuks
konsul,laptop
tuker,beli
hero,comp
ajah,butuh
laptop,second
harga,miring
sung,kunjung
hero,komputer
jogjahhh,layan
ramah,recomended
pokok,tempat
nyaman,barang
kualitas,rekomendasi
banget,beli
laptop,barang
mantap,rekomendasi
sesuai,kantong
sukses,ramah
bagus,puas
barang,layan
lengkap,cari
laptop,pilih
layan,bagus
mantap,mantap
kali,wak
beli,laptop
jual,ramah
harga,jangkau
mantappp,kali
beli,fresh
milik,pertama
muas,mantap
banget,jual
ramah,harga
ramah,kece
banget,layan
ranah,senang
cari,laptop
gaming,second
kualitas,garansi
cuman,jamin
produk,produk
sesuai,layan
bagus,harga
jangkau,layan
bagus,jual
ramah,laptop
kualitas,harga
jangkau,bonus
adminnya,banget
jelasin,spek
laptolnya,murah
layan,prima
harga,senggolsenggol
enak,layan
ny,enak
tempat,joss
mantap,lengkap
harga,jangkau
kualitas,good
terimakasih,bakule
ramah,bonus
nya,barang
oke,produk
sesuai,ekpetasi
mantap,pokoke
recommended,jos
garansi,barang
kualitas,harga
ramah,kantong
layan,muas
harga,jangkau
laptop,bagus
original,garansi
resmi,layan
baguus,harga
oke,tempat
nyaman,mantapp
pilih,mas
informatif,harga
miring,mantap
jiwa,ramah
nyaman,bersih
rapi,good
service,barang
sesuai,harga
saing,five
star,barang
bagus,bagus
ara,araaa
kualitas,banget
tidak,salah
pilih,yang
barang,mulus
jual,beli
laptop,rekomended
cari,laptop
second,like
new,rekomen
mantabbbbbb,terimakasih
jual,ramah
bel,sumringah
percaya,murah
jamin,barang
oke,layan
bagus,puas
tempat,nyaman
mas,mas
nya,asik
mantap,dah
layan,oke
mantap,bersih
nyaman,ramah
nyaman,putar
produk,layan
ramah,kualitas
oke,layan
bagus,mantap
pokok,rekomendasi
orang,adminya
produk,keren
keren,mas
ramah,banget
the,best
ramah,kualitas
bagus,jual
ramah,parah
sukses,bang
mantabbb,harga
jangkau,unit
bagus,jual
beli,laptop
jogja,yang
recomended,jualbeli
laptop,recomenddet
murah,kualitas
rekomendasi,kalo
cari,laptop
second,kualitas
oke,dapet
harga,super
deal,mantab
hero,computer
moga,awet
laptop,nya
laptop,bekas
kondisi,layan
ramah,bonus
beli,laptop
gass,kesini
saja,recommended
cari,laptop
second,like
new,ngk
nyesel,hero
komputer,raja
layan,mantap
beli,laptop
second,recommended
asli,mase
pilih,laptop
harga,bagus
barang,kualitas
layan,ramah
toko,bersih
mantab,mantab
yuk,yang
butuh,laptop
bagus,rapat
cek,langsung
bungkus,jual
beli,laptop
harga,murah
tidak,murah
mantap,sesuai
beli,laptop
mantap,recomended
banget,rekomendasi
laptop,second
kualitas,jogja
barang,bagus
layan,siipppp
layan,ramah
harga,murah
barang,bagus
harga,masuk
akal,leptop
garansi,kacau
sii,rekomendasi
ramahh,barang
bagus,like
new,muluss
murahh,respon
mas,cepet
sedia,laptop
tempatdan,layan
bagus,nyaman
layan,bagus
harga,murah
rekomendasi,store
laptop,murah
bonus,murah
riah,garansi
resmi,bos
layan,mantap
sat,set
rekomendasi,cari
laptop,nd
entry,level
high,rekomen
beli,laptop
bekas,garansi
beli,laptop
puas,rinci
barang,barang
oke,harga
murah,recomended
percaya,banget
beli,laptoppp
toko,laptop
percaya,harga
jangkau,cpuas
banget,order
kecewa,tmpat
rekomen,yang
beli,laptop
second,gaming
mantab,beli
kali,mantul
moga,laptop
awet,ya
layan,muas
kecewa,kualitas
bagus,pilih
muas,mantapp
layan,ok
banget,harga
murah,barang
mewah,ramah
layan,oke
ramah,recomended
layan,oke
ramah,layan
ramah,recommended
deh,beli
laptop,baru
garansi,manteup
cari,laptop
kualitas,baik
bagussss,beli
laptop,second
kualitas,kualitas
oke,harga
sahabat,mantapp
mantap,rekomendasi
pelayananya,layan
nya,bagus
laptop,nya
bagusss,nyaman
laptop,lengkap
bagus,nyaman
barang,sesuai
pesan,kerentempat
nya,nyaman
terpercayamantap,jos
mas,nya
ramah,bintang
kejora,seller
ramah,informatif
damping,laptop
secondnya,staf
helpful,nyaman
laptop,bekas
good,mantapp
barang,sesuai
foto,instagram
oke,harga
sahabat,mantep
poll,jos
pokok,e
recomended,nyari
laptop,merk
barang,barang
nya,jos
barang,bagus
harga,yang
baik,layan
ramahh,baikk
mantap,layan
ramah,cepat
mantab,layan
ramah,worthit
layan,oke
bonus,beli
oke,barang
nya,bagus
percaya,recommended
aman,percaya
layan,bagus
muas,tempat
woww,layan
muantappp,polll
jossss,pokok
nya,toko
percaya,laptop
oke,harga
jangkau,laptop
second,like
new,harga
jangkau,makan
opor,amerika
beli,laptop
ya,hero
computer,jogja
layan,baik
kualitas,jamin
kondisi,laptop
sesuai,yang
janji,mantap
worth,it
banget,beli
laptop,recommendeed
mantaaapss,kewrenn
langgan,rekomendasi
toko,laptop
bekas,baik
jogja,barang
bagus,bagus
mantap,recommended
seller,nyaman
recomended,harga
ajar,nyaman
laptoo,bagus
awat,muas
jos,mase
gass,cari
laptop,mantapp
mantap,harga
jangkau,bagus
muas,bagus
nyaman,banget
laptop,bagus
garansi,harga
jangkau,temu
laptop,idam
jual,beli
laptop,terpecaya
hero,computer
layan,prima
muas,beli
laptop,recommended
layan,asik
lengkap,wukirharjo
hero,computer
mantap,seler
ramah,amanah
kualitas,istimewaa
mantap,layan
oke,barang
bagus,mantap
layan,nyaman
top,pokok
recommended,mantap
pokoknyaa,ramah
layan,maksimal
jual,the
best,lahh
yokk,kesini
yokkk,murah
lengkap,percaya
mntap,laptop
yang,jual
mantab,belanja
puas,harga
pas,rekomen
laptop,murah
kualitas,baik
kaleng,kaleng
keren,matap
laptop,kualitas
bagus,mantap
layan,baik
barang,bagus
kalengkaleng,baik
kalang,mahasiswa
produk,laptop
gamingnya,bagus
garansi,layan
bagus,banget
seller,komunikatif
produk,oke
mantabb,pokoknyaa
layan,ramah
joss,bagus
harga,masuk
akal,layan
bintang,banget
mantap,trimakasih
ramah,barang
bagus,bagus
nyaman,pilih
lanjut,mantab
rekomendasi,keren
mantul,layan
asik,brng
sesuai,beli
laptop,percaya
murah,percaya
uademmm,recommended
yang,cari
laptop,mantappl
layan,baik
rekomendasi,toko
laptop,second
mantap,diskon
keren,poll
joss,pokoke
ramah,mantappp
layan,baik
percaya,mantap
om,beni
toko,bagus
rekomendedd,nyarii
laptop,andal
butuh,laptoppc
sakjose,laptop
kualitas,sih
yess,keren
lengkap,seri
nya,muas
mantap,lengkap
murah,lengkap
murah,rekomendasi
laptop,nd
mantap,beli
laptop,oke
layan,cepat
ramah,bagus
lengkap,laptop
second,garansi
recommended,jual
laptop,well
mantab,kualitas
joss,solusi
laptop,nd
mantapsss,bagus
bagus,barang
laptop,second
mulus,bener
recomended,mas
baguss,keren
estetik,sangatt
okee,ramahh
mantap,sesuai
expectation,bagusss
bintang,masse
bagus,polllllll
mantap,layan
bagus,mantabb
mantap,sat
set,sangatt
baikkk,bonus
nya,mantap
mas,mantap
maszeh,baguss
gampang,cari
mantap,jaya
mantab,banget
mantap,mantap
laptop,cool
keren,mantaaab
woww,laptop
bagusshh,recomen
mantabbb,rekomen
siip,kerennnn
wangun,amanah
mantabbb,jos
markojos,joossss
gokilll,og
mantep,interaktif
ramah,mamtapppp
mantaapp,top
markotop,ttrendi
mantaaappp,istimewa
percaya,rekommended
laptop,murah
bagus,banget
layan,ramah
langsung,rekomendasi
sesuai,guna
bantu,cek
kondisi,fisik
software,laptop
minggu,buka
cocok,kerja
kantor,mantap
mas,diskon
cuy,ready
barang,bagus
bagus,awat
mantab,produk
oke,gokil
